fake_id,187_total,501_total,502_total,503_total,505_total,506_total,leader,leader_total,margin_of_victory
1651-1657,54,502,412,613,135,38,503,613,111
3297-3310,117,1269,650,1034,203,73,501,1269,235
1400-1403,32,271,236,336,74,38,503,336,65
4712-4715,55,225,337,293,65,34,502,337,44
5912-5925,143,549,1340,1221,161,73,502,1340,119
5488-5500,117,687,1139,1145,202,77,503,1145,6
2111-2120,125,531,932,787,141,72,502,932,145
4252-4262,142,626,884,980,135,76,503,980,96
1066-1076,103,546,863,769,157,54,502,863,94
3457-3463,64,444,393,662,80,85,503,662,218
6027-6029,14,81,307,359,16,6,503,359,52
617-627,67,339,1165,933,132,55,502,1165,232
7259-7268,133,571,779,807,185,58,503,807,28
4403-4407,68,309,417,434,76,27,503,434,17
4443-4446,41,202,373,320,61,31,502,373,53
6761-6774,140,740,1148,1226,221,83,503,1226,78
768-773,28,118,569,673,36,13,503,673,104
5130-5138,117,538,690,805,159,56,503,805,115
1698-1706,57,433,615,762,125,54,503,762,147
5804-5816,107,422,1296,1203,151,84,502,1296,93
6896-6908,200,746,1011,959,219,115,502,1011,52
3042-3045,40,220,288,286,52,25,502,288,2
5966-5972,48,214,661,704,85,31,503,704,43
4466-4469,44,213,306,362,57,24,503,362,56
4816-4820,53,322,406,393,65,29,502,406,13
4519-4525,73,394,558,555,116,59,502,558,3
2344-2351,104,462,648,571,137,72,502,648,77
250-264,109,527,1140,1160,165,63,503,1160,20
2997-3006,92,637,765,829,144,45,503,829,64
7109-7117,98,614,650,655,187,53,503,655,5
5563-5567,34,294,419,433,78,24,503,433,14
5102-5107,71,254,588,506,89,23,502,588,82
6449-6463,94,429,1452,1615,122,56,503,1615,163
240-249,88,442,762,809,104,42,503,809,47
1959-1965,62,427,460,636,116,30,503,636,176
5518-5528,120,653,845,1019,161,64,503,1019,174
1442-1451,94,626,654,786,172,61,503,786,132
6547-6559,95,378,1242,1283,122,48,503,1283,41
3678-3686,65,743,461,783,132,25,503,783,40
340-347,75,476,538,545,126,49,503,545,7
6923-6935,186,775,1001,899,210,112,502,1001,102
6622-6624,27,124,308,237,33,20,502,308,71
874-878,26,131,367,362,41,13,502,367,5
5608-5614,80,336,751,572,94,45,502,751,179
3178-3188,98,458,1099,922,153,79,502,1099,177
1944-1951,59,376,470,564,144,27,503,564,94
1567-1577,38,1285,303,698,109,33,501,1285,587
1901-1910,77,763,526,815,135,38,503,815,52
1884-1890,36,537,367,587,133,25,503,587,50
2014-2020,63,489,529,482,114,57,502,529,40
7118-7127,137,682,700,732,177,62,503,732,32
348-356,84,548,609,614,148,47,503,614,5
6204-6213,71,313,942,1021,118,49,503,1021,79
7026-7043,248,1131,1452,1318,303,154,502,1452,134
663-675,97,413,1304,1197,131,50,502,1304,107
3464-3472,74,541,636,934,119,41,503,934,298
537-559,90,697,1834,2432,155,62,503,2432,598
6103-6105,19,85,270,357,27,14,503,357,87
4324-4330,87,376,632,562,125,38,502,632,70
3787-3797,93,711,791,921,177,93,503,921,130
2634-2643,118,416,1015,873,129,77,502,1015,142
3779-3786,49,831,271,638,94,35,501,831,193
6152-6164,143,647,1232,1045,187,95,502,1232,187
2033-2042,93,675,726,792,187,71,503,792,66
6743-6749,77,327,629,580,100,38,502,629,49
2043-2055,161,847,1041,1031,197,100,502,1041,10
68-72,17,105,415,658,24,2,503,658,243
1077-1084,52,440,523,589,127,37,503,589,66
5621-5627,57,294,567,508,96,42,502,567,59
832-839,28,158,745,947,46,14,503,947,202
4797-4803,103,400,658,564,108,32,502,658,94
2177-2189,148,757,1060,1002,188,79,502,1060,58
4984-4994,112,539,981,993,158,52,503,993,12
560-567,14,114,555,937,27,4,503,937,382
331-339,68,487,541,795,132,36,503,795,254
6237-6246,72,335,995,1031,96,44,503,1031,36
11-17,57,485,449,488,115,55,503,488,3
1897-1900,25,259,238,341,71,19,503,341,82
4838-4844,91,353,670,581,101,43,502,670,89
6849-6857,85,548,765,637,151,93,502,765,128
5275-5283,110,408,861,857,117,51,502,861,4
4878-4889,127,635,1123,1030,177,61,502,1123,93
1589-1593,44,300,284,406,82,33,503,406,106
6560-6566,54,199,654,698,59,43,503,698,44
5539-5547,82,464,754,831,136,49,503,831,77
2973-2979,73,457,546,559,99,55,503,559,13
1267-1277,78,678,671,899,165,60,503,899,221
4152-4156,63,265,423,423,70,25,502,423,0
1306-1310,33,258,338,361,83,26,503,361,23
4086-4092,58,410,535,698,91,24,503,698,163
7134-7139,89,410,381,441,129,59,503,441,31
505-514,79,648,521,680,150,47,503,680,32
4463-4465,24,134,169,159,35,9,502,169,10
5973-5991,62,365,1810,2399,116,56,503,2399,589
4978-4983,61,265,558,560,81,44,503,560,2
1293-1296,45,239,275,326,68,19,503,326,51
6085-6090,39,175,597,664,60,21,503,664,67
1488-1498,110,637,795,837,204,77,503,837,42
807-814,25,168,694,962,39,15,503,962,268
4973-4977,55,242,472,418,68,28,502,472,54
327-330,36,246,247,334,56,15,503,334,87
3219-3234,142,684,1492,1372,205,108,502,1492,120
2234-2238,61,302,391,392,79,42,503,392,1
4629-4635,94,390,636,530,111,47,502,636,106
3380-3388,45,828,358,812,122,25,501,828,16
642-647,43,201,582,536,62,33,502,582,46
1377-1383,150,454,448,548,100,49,503,548,94
5345-5353,103,463,815,829,150,43,503,829,14
6427-6432,21,98,518,836,24,7,503,836,318
7203-7212,125,556,851,803,194,59,502,851,48
7338-7342,58,280,457,411,76,26,502,457,46
6247-6258,105,405,1142,1140,141,56,502,1142,2
1680-1687,80,428,641,745,125,35,503,745,104
6686-6690,45,229,443,385,65,33,502,443,58
1666-1679,136,739,1107,1300,205,59,503,1300,193
2474-2476,46,171,256,220,47,25,502,256,36
4869-4877,92,416,874,719,104,49,502,874,155
1688-1695,58,440,582,770,113,42,503,770,188
6677-6685,88,400,860,632,125,57,502,860,228
2890-2897,102,386,756,628,144,63,502,756,128
5751-5766,135,716,1514,1444,203,89,502,1514,70
5237-5243,76,375,537,652,123,37,503,652,115
1869-1875,55,522,384,674,101,22,503,674,152
959-968,75,403,946,800,110,57,502,946,146
7302-7305,43,254,318,291,71,30,502,318,27
6061-6066,32,200,593,611,58,29,503,611,18
5037-5044,51,290,808,836,74,43,503,836,28
5946-5952,61,235,628,665,69,28,503,665,37
1809-1814,33,474,296,502,84,27,503,502,28
6885-6895,179,547,874,768,171,117,502,874,106
4208-4213,71,320,516,574,110,26,503,574,58
2155-2159,46,330,330,407,82,43,503,407,77
5139-5147,90,571,676,799,164,47,503,799,123
3128-3135,80,397,687,670,96,57,502,687,17
3015-3020,65,384,429,506,81,28,503,506,77
1717-1736,141,1009,1261,2018,285,81,503,2018,757
86-94,29,977,198,400,93,35,501,977,577
5708-5718,114,398,1073,951,154,70,502,1073,122
4700-4711,121,720,974,924,197,84,502,974,50
2927-2941,191,870,1375,1092,233,113,502,1375,283
2951-2960,104,637,738,715,164,64,502,738,23
1996-2005,105,661,700,891,170,63,503,891,191
4729-4735,90,366,482,417,104,36,502,482,65
137-142,30,98,496,763,38,9,503,763,267
6310-6317,52,230,753,958,60,34,503,958,205
3763-3769,25,754,214,482,82,29,501,754,272
4909-4913,51,257,472,422,88,43,502,472,50
3714-3722,49,784,470,731,103,43,501,784,53
5289-5295,52,234,593,618,72,39,503,618,25
1526-1530,39,348,266,440,98,31,503,440,92
7192-7202,133,637,775,829,189,74,503,829,54
4308-4316,93,501,843,770,134,48,502,843,73
3573-3583,74,907,596,1008,156,42,503,1008,101
4413-4416,30,249,352,332,69,29,502,352,20
4082-4085,47,242,314,362,61,15,503,362,48
5045-5050,57,203,656,528,68,27,502,656,128
969-984,131,770,1149,1157,226,82,503,1157,8
5730-5732,19,79,278,192,30,12,502,278,86
568-583,54,248,1357,2001,80,24,503,2001,644
1151-1162,87,736,858,949,196,69,503,949,91
2468-2473,71,348,541,435,98,63,502,541,106
4957-4965,97,396,753,716,111,44,502,753,37
1594-1599,50,352,387,513,86,44,503,513,126
6533-6546,84,418,1385,1348,124,72,502,1385,37
584-586,11,50,208,399,16,3,503,399,191
4920-4926,86,366,684,538,110,55,502,684,146
1769-1771,20,221,120,234,58,23,503,234,13
188-193,32,224,434,545,56,8,503,545,111
525-528,33,202,150,246,53,7,503,246,44
143-152,32,254,948,1059,68,31,503,1059,111
4546-4550,59,334,422,367,84,28,502,422,55
1658-1665,39,547,467,723,123,31,503,723,176
6420-6426,16,130,548,942,47,7,503,942,394
4930-4937,57,328,685,675,92,47,502,685,10
774-777,11,99,341,471,35,17,503,471,130
2673-2690,211,772,1847,1455,252,110,502,1847,392
5587-5593,56,307,595,511,85,34,502,595,84
2524-2540,199,700,1851,1448,209,117,502,1851,403
1515-1525,62,782,555,1002,182,58,503,1002,220
2139-2149,125,660,835,842,224,69,503,842,7
5733-5736,21,179,377,356,56,32,502,377,21
6811-6817,77,380,566,479,127,46,502,566,87
2460-2467,89,464,732,589,133,76,502,732,143
4645-4649,46,278,440,415,87,28,502,440,25
4561-4566,81,326,463,470,85,41,503,470,7
4736-4746,140,668,922,856,169,57,502,922,66
6129-6138,107,487,941,894,125,67,502,941,47
1139-1150,108,602,877,870,217,64,502,877,7
5021-5027,51,252,439,472,77,26,503,472,33
3515-3527,77,1059,696,1206,167,33,503,1206,147
4295-4297,30,170,233,244,45,25,503,244,11
3311-3318,55,715,433,555,125,53,501,715,160
3628-3635,72,637,401,733,111,28,503,733,96
4436-4442,94,440,570,562,128,41,502,570,8
4342-4344,26,149,269,262,53,18,502,269,7
1019-1033,122,699,1138,1104,200,63,502,1138,34
5435-5438,46,197,326,369,65,34,503,369,43
5296-5302,69,285,642,741,95,36,503,741,99
1781-1784,30,286,221,362,48,15,503,362,76
1891-1896,47,438,318,520,95,32,503,520,82
1937-1943,65,441,498,578,119,41,503,578,80
4288-4294,80,395,610,566,101,46,502,610,44
2352-2359,83,461,674,572,103,73,502,674,102
406-415,99,682,553,643,151,51,501,682,39
2905-2910,93,365,533,456,90,52,502,533,77
378-381,28,216,255,326,42,17,503,326,71
4682-4684,38,189,254,242,48,16,502,254,12
7161-7169,100,629,612,673,156,63,503,673,44
1361-1368,77,490,521,638,150,53,503,638,117
3492-3501,64,649,651,1066,133,32,503,1066,415
1-10,101,620,577,646,155,52,503,646,26
2609-2617,108,495,803,727,140,91,502,803,76
6831-6839,92,519,808,544,155,66,502,808,264
515-524,62,677,524,804,161,54,503,804,127
3425-3434,44,940,400,859,172,34,501,940,81
2006-2013,86,556,563,595,144,58,503,595,32
3269-3272,48,260,329,311,63,32,502,329,18
284-291,63,434,541,553,100,23,503,553,12
1233-1239,82,423,462,542,122,51,503,542,80
778-788,53,249,1034,1247,82,29,503,1247,213
7306-7312,96,420,646,554,107,43,502,646,92
985-993,70,444,642,650,122,54,503,650,8
4214-4219,78,318,547,543,58,29,502,547,4
6278-6286,52,257,830,1021,94,37,503,1021,191
2869-2875,63,320,701,620,71,50,502,701,81
4263-4270,100,449,669,677,130,40,503,677,8
2387-2395,122,461,822,605,148,88,502,822,217
275-283,78,496,562,649,126,38,503,649,87
3944-3950,67,445,485,583,116,46,503,583,98
1785-1793,73,620,490,669,196,34,503,669,49
4351-4362,135,673,1042,1040,171,68,502,1042,2
2214-2217,47,226,340,309,66,22,502,340,31
3902-3908,66,449,571,593,107,21,503,593,22
840-863,141,806,2173,1999,246,93,502,2173,174
6625-6638,130,542,1412,1113,176,74,502,1412,299
6394-6405,30,205,962,1736,61,27,503,1736,774
1772-1780,54,699,455,748,127,49,503,748,49
5403-5408,74,307,533,540,92,32,503,540,7
5472-5487,181,774,1437,1378,231,108,502,1437,59
4390-4395,62,384,492,516,94,31,503,516,24
2436-2446,153,584,1018,832,167,87,502,1018,186
6780-6785,64,303,521,471,105,39,502,521,50
4454-4462,84,531,768,692,163,65,502,768,76
2511-2523,143,549,1387,1109,157,88,502,1387,278
2454-2459,81,319,556,436,112,67,502,556,120
4927-4929,34,143,279,220,53,21,502,279,59
6214-6224,62,289,913,898,100,35,502,913,15
3351-3360,48,885,459,709,128,48,501,885,176
4804-4810,95,412,612,570,108,41,502,612,42
3330-3342,83,1126,616,948,204,74,501,1126,178
5354-5362,95,441,824,784,148,51,502,824,40
7095-7102,68,583,541,549,137,44,501,583,34
6296-6301,33,158,556,712,52,30,503,712,156
1452-1466,159,951,1049,1251,278,107,503,1251,202
6020-6026,36,115,668,881,40,14,503,881,213
1247-1257,95,646,744,821,166,71,503,821,77
2063-2068,66,376,479,454,103,51,502,479,25
4369-4378,87,591,841,849,147,48,503,849,8
46-52,81,473,469,424,104,50,501,473,4
6342-6358,120,434,1599,1904,139,79,503,1904,305
5329-5337,126,478,767,852,126,61,503,852,85
5926-5930,38,192,435,513,54,20,503,513,78
1549-1553,36,341,297,430,75,20,503,430,89
3960-3965,53,387,418,526,94,35,503,526,108
6865-6884,295,1102,1632,1410,312,188,502,1632,222
6719-6730,111,685,1049,953,178,69,502,1049,96
5058-5067,103,388,1009,919,110,46,502,1009,90
1614-1617,25,194,241,366,52,25,503,366,125
3149-3158,98,510,857,792,142,74,502,857,65
2800-2809,153,554,924,696,165,84,502,924,228
1630-1642,98,936,723,1127,214,42,503,1127,191
4821-4828,82,485,736,557,115,45,502,736,179
3159-3167,111,500,664,796,131,53,503,796,132
369-377,94,489,586,656,127,54,503,656,70
4004-4013,78,611,817,928,128,38,503,928,111
6259-6277,131,525,1788,2101,171,77,503,2101,313
5409-5414,62,305,533,541,91,40,503,541,8
265-274,83,531,654,752,114,49,503,752,98
5817-5826,68,348,969,991,113,62,503,991,22
4829-4837,109,482,810,798,110,63,502,810,12
4014-4021,65,499,609,795,112,38,503,795,186
3406-3415,56,991,401,819,136,33,501,991,172
5213-5220,90,403,603,681,137,36,503,681,78
4901-4908,60,450,776,662,90,43,502,776,114
4383-4389,98,418,583,593,114,43,503,593,10
3667-3677,66,888,599,867,156,42,501,888,21
802-806,16,86,460,618,26,4,503,618,158
6302-6309,61,226,775,903,70,38,503,903,128
482-488,43,462,311,548,108,96,503,548,86
1278-1284,41,437,467,517,139,41,503,517,50
3259-3268,115,589,833,765,161,74,502,833,68
3636-3652,119,1333,798,1429,222,67,503,1429,96
7221-7227,94,373,576,592,97,35,503,592,16
18-31,173,932,952,923,250,99,502,952,20
5148-5154,80,396,585,635,118,35,503,635,50
3700-3713,124,1131,727,1153,169,61,503,1153,22
3502-3514,97,1103,639,1106,188,33,503,1106,3
6981-6986,77,281,370,376,66,61,503,376,6
1311-1315,38,286,376,377,89,33,503,377,1
1422-1429,85,468,533,644,153,49,503,644,111
6731-6742,115,669,1026,1004,154,56,502,1026,22
6939-6946,108,456,635,609,116,51,502,635,26
3859-3868,84,627,710,797,168,75,503,797,87
864-873,59,297,933,926,98,37,502,933,7
1297-1305,96,465,616,681,161,64,503,681,65
5028-5036,76,304,954,893,91,43,502,954,61
53-62,104,640,600,673,149,53,503,673,33
4857-4860,51,196,421,306,58,30,502,421,115
4861-4864,41,206,342,397,50,17,503,397,55
6840-6848,100,514,785,607,158,81,502,785,178
2098-2105,92,436,753,563,124,59,502,753,190
6146-6151,65,293,526,499,89,42,502,526,27
2420-2435,213,891,1465,1184,275,148,502,1465,281
4526-4535,151,645,815,727,143,73,502,815,88
5068-5076,113,447,823,814,117,32,502,823,9
3319-3329,64,997,520,804,185,71,501,997,193
2810-2824,168,699,1559,1265,171,113,502,1559,294
2477-2490,153,641,1441,1224,191,84,502,1441,217
2847-2854,73,364,847,666,117,63,502,847,181
2322-2333,163,686,1016,818,193,113,502,1016,198
5827-5830,37,129,409,397,52,10,502,409,12
5303-5310,88,359,741,776,102,54,503,776,35
1863-1868,41,462,305,593,83,21,503,593,131
5737-5750,141,583,1441,1251,174,90,502,1441,190
3826-3832,87,493,518,554,90,44,503,554,36
5114-5119,79,390,506,522,101,33,503,522,16
4577-4588,128,702,933,948,164,72,503,948,15
6192-6198,99,336,640,619,83,37,502,640,21
899-908,90,421,895,774,126,50,502,895,121
4184-4188,27,274,406,437,59,15,503,437,31
740-750,40,254,1004,1035,84,29,503,1035,31
3399-3405,38,625,268,646,102,28,503,646,21
6691-6697,39,333,612,562,123,37,502,612,50
4890-4900,139,544,1081,899,144,78,502,1081,182
1696-1697,22,130,158,173,29,13,503,173,15
7018-7022,43,291,366,386,74,52,503,386,20
2733-2748,213,893,1314,1119,255,152,502,1314,195
2585-2593,94,510,805,732,166,96,502,805,73
2761-2771,145,586,1044,860,164,92,502,1044,184
7044-7050,89,431,557,516,115,65,502,557,41
3007-3014,60,534,621,644,130,46,503,644,23
6067-6073,51,182,699,680,73,41,502,699,19
4075-4081,73,437,542,671,102,34,503,671,129
3053-3063,85,562,810,820,153,82,503,820,10
3136-3148,139,693,1083,1032,181,76,502,1083,51
3435-3445,50,1030,428,941,177,46,501,1030,89
5870-5881,101,390,1173,1187,133,83,503,1187,14
4617-4628,141,731,1051,960,206,79,502,1051,91
4510-4513,37,230,314,340,70,42,503,340,26
1189-1201,126,870,825,909,216,92,503,909,39
4282-4287,62,362,510,518,98,26,503,518,8
5326-5328,26,130,246,332,31,16,503,332,86
181-187,43,209,516,682,54,12,503,682,166
4220-4225,77,299,518,540,82,26,503,540,22
3189-3194,56,238,574,508,76,33,502,574,66
3473-3481,50,587,617,969,111,35,503,969,352
4022-4033,99,762,851,1156,183,50,503,1156,305
4760-4765,85,308,490,450,103,42,502,490,40
1737-1745,53,729,352,701,206,45,501,729,28
3278-3287,124,533,979,753,125,73,502,979,226
6750-6760,105,586,919,894,153,74,502,919,25
2691-2700,113,459,959,844,143,78,502,959,115
7156-7160,46,341,355,343,80,37,502,355,12
5322-5325,31,175,375,390,47,24,503,390,15
6936-6938,35,176,208,216,47,36,503,216,8
2658-2672,186,668,1475,1218,208,107,502,1475,257
6406-6419,48,215,1178,1866,57,41,503,1866,688
4966-4972,66,236,459,461,71,32,503,461,2
73-85,26,1258,330,489,133,81,501,1258,769
6359-6363,25,141,505,540,38,16,503,540,35
116-136,54,330,1464,2711,85,34,503,2711,1247
7255-7258,41,220,313,346,71,21,503,346,33
1836-1842,57,480,433,634,101,31,503,634,154
2298-2321,293,1290,1983,1721,359,160,502,1983,262
1326-1337,147,764,879,982,199,76,503,982,103
3114-3127,127,729,1267,1101,183,105,502,1267,166
5338-5344,87,355,636,662,108,37,503,662,26
4685-4692,98,448,645,629,120,48,502,645,16
2411-2414,64,228,329,269,59,28,502,329,60
446-460,143,987,986,1059,250,90,503,1059,72
3446-3456,51,1032,366,896,146,51,501,1032,136
4653-4664,136,720,1025,946,153,62,502,1025,79
6715-6718,35,181,355,295,48,30,502,355,60
1643-1650,58,560,465,670,136,32,503,670,110
2501-2510,96,443,1119,837,133,71,502,1119,282
4000-4003,25,330,226,345,65,18,503,345,15
4650-4652,39,190,254,236,54,15,502,254,18
1815-1824,67,619,670,923,154,42,503,923,253
3882-3891,94,627,772,856,158,55,503,856,84
5174-5181,93,433,722,737,123,35,503,737,15
5882-5906,235,809,2441,2417,292,107,502,2441,24
153-167,87,379,1275,1572,90,32,503,1572,297
3373-3379,30,706,238,610,91,31,501,706,96
5264-5274,99,439,1026,1185,141,58,503,1185,159
3805-3811,65,416,556,549,106,78,502,556,7
5390-5402,142,630,1111,1211,211,72,503,1211,100
3931-3937,56,450,471,639,105,25,503,639,168
472-481,98,656,590,762,154,54,503,762,106
7128-7133,84,411,391,412,95,44,503,412,1
6165-6178,181,688,1201,1184,202,104,502,1201,17
1825-1835,105,738,704,1022,178,55,503,1022,284
729-739,64,256,996,1032,91,27,503,1032,36
6958-6972,254,839,1098,1061,215,106,502,1098,37
4865-4868,55,182,385,373,57,26,502,385,12
3951-3959,78,628,595,813,137,37,503,813,185
3250-3258,89,524,711,698,172,66,502,711,13
4766-4775,107,633,786,758,183,72,502,786,28
1605-1613,75,482,596,800,125,47,503,800,204
1481-1487,70,468,464,573,131,44,503,573,105
4099-4106,70,454,662,742,109,39,503,742,80
2825-2836,119,527,1206,1126,140,85,502,1206,80
5221-5229,92,489,774,809,146,37,503,809,35
3687-3699,65,1108,633,1130,197,50,503,1130,22
4157-4163,68,399,567,554,113,31,502,567,13
4396-4402,65,433,592,595,125,44,503,595,3
7175-7179,50,294,364,391,73,34,503,391,27
1051-1054,28,223,282,304,59,21,503,304,22
4514-4518,57,276,425,371,93,45,502,425,54
4138-4144,63,413,568,552,101,36,502,568,16
2360-2373,213,824,1114,993,232,118,502,1114,121
5667-5674,81,328,803,734,74,38,502,803,69
2622-2629,103,417,796,565,130,69,502,796,231
4226-4235,99,541,829,932,153,51,503,932,103
440-445,60,370,344,443,83,36,503,443,73
7290-7301,131,741,977,870,241,83,502,977,107
4502-4509,109,440,651,639,122,63,502,651,12
3892-3901,85,610,718,891,157,50,503,891,173
4317-4323,94,367,640,550,115,27,502,640,90
319-326,102,436,527,629,100,35,503,629,102
2069-2086,216,1095,1483,1372,306,169,502,1483,111
1098-1106,78,485,573,600,115,38,503,600,27
5381-5389,106,439,782,812,122,46,503,812,30
5512-5517,84,284,490,512,89,57,503,512,22
632-641,79,324,986,967,106,35,502,986,19
945-955,108,465,1070,900,120,65,502,1070,170
994-1002,91,402,641,669,110,45,503,669,28
2644-2657,182,660,1383,1174,183,124,502,1383,209
1130-1138,79,490,649,623,141,48,502,649,26
4665-4674,118,602,826,746,156,68,502,826,80
2190-2201,136,689,980,896,205,93,502,980,84
3076-3084,93,425,791,621,129,63,502,791,170
2898-2904,69,399,625,572,89,65,502,625,53
5370-5380,116,608,907,977,179,57,503,977,70
5244-5254,121,656,862,1036,178,64,503,1036,174
1618-1623,51,346,367,488,93,31,503,488,121
3240-3249,129,580,797,849,131,70,503,849,52
1986-1995,117,688,715,825,190,53,503,825,110
3653-3666,100,1100,676,1084,183,59,501,1100,16
465-471,38,341,318,397,81,26,503,397,56
4067-4074,81,403,647,760,118,45,503,760,113
5164-5173,85,432,794,841,147,51,503,841,47
3416-3424,54,773,359,745,141,42,501,773,28
1535-1544,72,673,564,849,166,60,503,849,176
1467-1480,106,777,820,1143,241,80,503,1143,323
1003-1018,116,762,1228,1167,241,75,502,1228,61
3361-3372,74,1058,563,901,176,69,501,1058,157
1062-1065,45,169,288,329,52,19,503,329,41
2561-2584,350,1310,2171,1784,363,175,502,2171,387
705-710,47,221,577,545,61,34,502,577,32
2218-2233,211,936,1296,1183,238,96,502,1296,113
1801-1808,51,529,402,680,131,22,503,680,151
2922-2926,65,290,451,387,82,37,502,451,64
3541-3554,95,1094,769,1311,202,47,503,1311,217
5836-5845,88,338,954,963,124,42,503,963,9
4093-4098,49,322,511,589,98,40,503,589,78
4754-4759,73,350,488,468,114,43,502,488,20
1369-1376,70,565,493,638,161,60,503,638,73
5628-5632,44,255,441,453,66,20,503,453,12
3878-3881,30,263,311,313,65,25,503,313,2
2374-2386,206,704,1105,886,218,118,502,1105,219
394-405,110,785,671,805,179,60,503,805,20
2749-2755,87,405,505,506,126,41,503,506,1
1338-1351,141,842,1057,1209,230,104,503,1209,152
1746-1753,57,612,333,680,128,25,503,680,68
5788-5803,124,537,1429,1485,170,74,503,1485,56
4914-4919,69,278,601,520,68,30,502,601,81
5772-5787,110,537,1481,1460,156,85,502,1481,21
4271-4281,136,633,922,904,153,67,502,922,18
789-801,62,257,1126,1645,61,31,503,1645,519
5427-5430,40,196,391,356,51,18,502,391,35
3046-3052,72,380,514,515,105,57,503,515,1
1114-1129,151,831,1081,1048,239,88,502,1081,33
5207-5212,57,320,491,543,102,42,503,543,52
3757-3762,48,516,310,506,76,21,501,516,10
2056-2062,71,424,574,541,133,54,502,574,33
5719-5726,73,318,736,747,125,43,503,747,11
6654-6667,156,679,1244,1059,202,85,502,1244,185
292-295,42,232,222,307,43,17,503,307,75
2150-2154,46,318,361,388,76,38,503,388,27
5098-5101,27,250,367,348,62,19,502,367,19
6323-6341,109,501,1837,2159,167,60,503,2159,322
2911-2921,152,612,978,844,178,96,502,978,134
2202-2213,140,658,978,942,206,94,502,978,36
5907-5911,45,208,421,453,86,31,503,453,32
3833-3849,173,1209,1217,1410,241,84,503,1410,193
5831-5835,35,187,500,483,67,21,502,500,17
5846-5853,65,282,782,756,71,45,502,782,26
5415-5420,57,299,508,578,70,36,503,578,70
2396-2401,83,330,536,417,89,45,502,536,119
4447-4453,77,438,569,551,92,52,502,569,18
7005-7010,95,299,481,451,118,43,502,481,30
6858-6864,68,438,591,476,112,65,502,591,115
2239-2255,175,952,1375,1201,278,131,502,1375,174
6004-6019,69,313,1475,1956,105,69,503,1956,481
4236-4251,157,859,1272,1487,235,76,503,1487,215
5200-5206,90,372,594,619,106,36,503,619,25
3748-3756,70,772,460,730,124,32,501,772,42
1966-1971,53,394,385,537,116,37,503,537,143
3021-3041,188,1050,1635,1580,295,127,502,1635,55
216-227,88,430,760,1086,101,33,503,1086,326
1034-1041,50,383,613,582,73,46,502,613,31
4122-4129,84,479,645,722,119,35,503,722,77
6464-6501,179,1043,3535,4086,336,161,503,4086,551
6507-6522,102,530,1569,1601,166,62,503,1601,32
95-115,55,358,1481,2787,98,30,503,2787,1306
4592-4597,70,373,483,450,95,30,502,483,33
2491-2500,101,443,1036,911,120,70,502,1036,125
4845-4856,143,561,1210,1014,177,67,502,1210,196
4145-4151,94,382,538,626,99,37,503,626,88
529-532,22,302,207,300,74,28,501,302,2
5311-5314,36,158,395,389,62,23,502,395,6
6091-6096,36,200,615,594,68,23,502,615,21
3555-3572,107,1386,847,1603,224,60,503,1603,217
6698-6706,89,422,789,701,144,47,502,789,88
7023-7025,46,138,220,183,38,32,502,220,37
1163-1176,97,799,976,1042,226,88,503,1042,66
1085-1097,102,689,813,902,189,73,503,902,89
4034-4044,101,660,841,1049,158,48,503,1049,208
1856-1862,52,550,349,675,92,32,503,675,125
3584-3593,76,868,509,951,137,31,503,951,83
4636-4644,115,554,697,745,151,62,503,745,48
63-67,19,104,391,600,15,12,503,600,209
1055-1061,43,337,493,503,105,42,503,503,10
4176-4183,87,434,720,646,104,43,502,720,74
1763-1768,32,508,241,539,96,23,503,539,31
4130-4137,84,465,687,718,103,48,503,718,31
4379-4382,56,247,369,312,58,19,502,369,57
4543-4545,46,188,254,205,69,23,502,254,49
2785-2799,216,851,1373,1087,238,125,502,1373,286
6707-6714,60,347,733,622,126,51,502,733,111
4608-4616,82,469,615,589,124,52,502,615,26
4811-4815,57,278,438,399,76,38,502,438,39
7140-7155,184,1117,1014,1171,295,101,503,1171,54
5658-5666,70,333,888,827,133,48,502,888,61
6973-6980,123,450,664,586,116,80,502,664,78
5083-5090,100,363,753,685,123,37,502,753,68
1404-1414,103,684,787,868,204,52,503,868,81
168-180,66,400,910,1195,108,27,503,1195,285
4298-4307,106,573,897,820,163,71,502,897,77
5451-5462,128,531,1062,1054,172,85,502,1062,8
7269-7278,101,583,866,764,157,61,502,866,102
4470-4480,140,574,910,897,174,77,502,910,13
4776-4785,144,528,876,746,172,57,502,876,130
6992-7004,221,693,1014,997,203,108,502,1014,17
879-895,145,673,1535,1358,207,90,502,1535,177
4430-4435,64,379,478,472,98,40,502,478,6
1707-1716,83,516,695,1053,138,38,503,1053,358
5615-5620,38,283,575,558,96,30,502,575,17
382-393,93,656,742,960,127,45,503,960,218
2961-2966,61,337,478,490,92,43,503,490,12
1972-1985,143,883,999,1176,269,92,503,1176,177
3528-3540,98,960,729,1198,211,47,503,1198,238
6818-6830,147,665,1085,869,191,98,502,1085,216
1384-1399,149,1106,1065,1188,289,103,503,1188,82
5636-5657,202,855,2088,1997,245,89,502,2088,91
1952-1958,54,438,420,666,119,36,503,666,228
3812-3825,149,827,1067,1091,225,129,503,1091,24
6139-6145,92,318,610,471,88,54,502,610,139
2121-2130,98,542,919,770,160,76,502,919,149
6909-6922,213,706,1137,990,232,105,502,1137,147
1584-1588,16,634,133,276,74,17,501,634,358
5230-5236,65,409,551,639,109,32,503,639,88
2701-2708,83,409,747,638,100,60,502,747,109
7235-7241,90,411,585,599,114,31,503,599,14
1925-1936,107,803,827,997,184,49,503,997,170
7313-7325,162,636,1069,985,194,83,502,1069,84
6199-6203,29,187,491,513,46,21,503,513,22
7180-7191,122,742,884,838,216,93,502,884,46
5421-5426,66,301,525,551,93,33,503,551,26
4189-4198,129,534,942,925,126,40,502,942,17
5091-5097,79,310,640,647,95,21,503,647,7
6115-6120,43,160,494,692,55,34,503,692,198
5568-5575,84,439,614,734,122,34,503,734,120
2756-2760,74,287,424,327,75,49,502,424,97
5633-5635,20,106,305,275,29,8,502,305,30
933-944,109,472,1166,990,171,56,502,1166,176
2160-2176,172,897,1338,1280,246,115,502,1338,58
7228-7234,85,387,577,567,104,42,502,577,10
1214-1224,109,662,802,820,166,69,503,820,18
3798-3804,67,431,526,573,115,59,503,573,47
2772-2784,178,760,1183,854,237,108,502,1183,329
5255-5258,42,222,305,386,59,18,503,386,81
2594-2608,204,785,1384,1108,225,129,502,1384,276
3206-3218,129,551,1224,1151,140,86,502,1224,73
6947-6954,103,486,578,608,123,61,503,608,30
2630-2633,58,196,345,315,78,30,502,345,30
6502-6506,30,109,465,440,32,23,502,465,25
6609-6621,108,527,1344,1054,152,70,502,1344,290
4598-4607,107,611,775,784,139,66,503,784,9
4345-4350,54,364,513,527,91,35,503,527,14
3235-3239,46,222,440,445,67,23,503,445,5
5155-5163,93,448,804,855,162,53,503,855,51
533-536,22,299,180,315,76,32,503,315,16
228-239,107,512,975,994,146,52,503,994,19
6987-6991,103,235,391,328,69,47,502,391,63
6668-6676,77,414,838,694,151,48,502,838,144
6078-6084,59,226,660,697,76,28,503,697,37
435-439,48,319,286,365,75,22,503,365,46
3273-3277,73,252,503,377,56,33,502,503,126
3938-3943,58,409,406,520,92,26,503,520,111
7085-7094,109,669,694,718,195,54,503,718,24
3389-3398,50,989,395,815,153,36,501,989,174
5552-5556,26,168,250,255,49,16,503,255,5
304-318,102,828,975,1211,214,75,503,1211,236
4786-4796,136,577,894,793,122,54,502,894,101
909-919,96,390,1024,920,157,59,502,1024,104
7170-7174,55,318,358,355,85,42,502,358,3
2556-2560,41,209,541,389,77,32,502,541,152
5992-6003,66,204,1135,1518,69,32,503,1518,383
6588-6608,181,833,2153,1703,269,135,502,2153,450
1258-1266,78,540,618,652,152,73,503,652,34
431-434,41,258,254,269,55,29,503,269,11
2021-2032,97,855,850,894,159,80,503,894,39
6775-6779,54,249,466,382,60,25,502,466,84
5681-5689,77,345,874,872,97,37,502,874,2
5675-5680,57,245,605,525,81,25,502,605,80
1499-1502,44,258,275,304,64,28,503,304,29
4947-4956,126,522,957,807,140,49,502,957,150
4363-4368,68,306,519,479,94,48,502,519,40
2876-2889,187,757,1321,1061,188,130,502,1321,260
920-932,100,479,1062,910,180,69,502,1062,152
3594-3605,76,924,673,1175,165,40,503,1175,251
2722-2732,161,643,915,796,200,80,502,915,119
691-704,79,391,1290,1218,141,55,502,1290,72
6074-6077,37,147,296,405,39,25,503,405,109
498-504,56,461,348,524,94,33,503,524,63
6225-6236,72,376,1151,1166,143,69,503,1166,15
3869-3877,72,603,646,658,164,68,503,658,12
5077-5082,74,246,555,545,86,21,502,555,10
1754-1762,50,751,331,776,134,27,503,776,25
3985-3999,115,1135,861,1379,202,65,503,1379,244
1316-1325,79,565,688,750,131,69,503,750,62
2256-2274,184,1084,1564,1364,271,174,502,1564,200
5953-5965,80,489,1237,1282,131,48,503,1282,45
421-430,98,662,618,690,162,63,503,690,28
602-616,109,453,1496,1365,143,66,502,1496,131
5120-5129,121,605,781,887,147,73,503,887,106
6639-6653,152,693,1327,1159,218,76,502,1327,168
2990-2996,69,445,544,585,97,36,503,585,41
2942-2950,104,544,799,748,123,76,502,799,51
711-728,111,457,1783,1820,156,49,503,1820,37
1225-1232,72,448,547,598,125,50,503,598,51
4693-4699,82,395,585,526,105,53,502,585,59
5594-5601,104,406,767,662,92,42,502,767,105
6364-6381,95,474,1649,2145,157,64,503,2145,496
6121-6128,70,362,714,700,120,55,502,714,14
7011-7017,86,361,529,529,116,56,502,529,0
3168-3177,115,516,822,781,130,65,502,822,41
5182-5188,82,351,622,622,125,36,502,622,0
4716-4728,188,737,1041,972,237,82,502,1041,69
3606-3615,52,838,509,907,156,34,503,907,69
815-831,64,383,1492,2052,95,33,503,2052,560
5006-5010,40,258,419,497,64,22,503,497,78
3770-3778,26,967,348,703,111,32,501,967,264
6955-6957,49,163,216,210,56,18,502,216,6
3723-3732,75,756,553,930,137,31,503,930,174
687-690,28,136,409,356,33,12,502,409,53
4331-4341,127,608,953,938,166,64,502,953,15
5463-5471,80,444,842,818,139,54,502,842,24
3288-3296,99,465,868,721,122,58,502,868,147
207-215,44,361,541,819,88,29,503,819,278
1794-1800,24,536,353,656,91,23,503,656,120
4536-4542,70,354,552,444,101,40,502,552,108
1600-1604,58,261,331,420,71,24,503,420,89
32-45,151,981,827,840,229,87,501,981,141
6442-6448,32,167,675,846,43,17,503,846,171
5602-5607,55,301,585,514,103,31,502,585,71
4938-4946,93,435,886,834,127,44,502,886,52
6097-6102,40,165,541,707,52,27,503,707,166
5501-5511,107,534,893,967,156,72,503,967,74
3850-3858,86,534,577,604,117,56,503,604,27
2541-2555,145,639,1392,1211,162,114,502,1392,181
3926-3930,49,306,359,421,84,30,503,421,62
1503-1514,113,773,847,956,220,81,503,956,109
5259-5263,56,300,364,458,86,15,503,458,94
296-303,69,421,547,538,109,37,502,547,9
4107-4114,79,468,700,692,109,42,502,700,8
2106-2110,66,257,462,367,69,43,502,462,95
7072-7078,91,360,583,502,109,75,502,583,81
7051-7066,184,910,1321,1129,265,140,502,1321,192
5439-5443,45,223,438,496,82,35,503,496,58
6523-6532,82,337,1001,902,85,36,502,1001,99
3966-3974,84,704,531,797,135,46,503,797,93
489-497,83,577,480,658,122,69,503,658,81
1430-1441,121,750,834,929,207,68,503,929,95
5431-5434,40,203,321,370,59,26,503,370,49
5854-5869,100,575,1500,1668,178,75,503,1668,168
1240-1242,33,174,197,248,43,27,503,248,51
3064-3075,125,665,1128,1002,165,86,502,1128,126
7103-7108,67,365,401,458,112,37,503,458,57
6179-6191,134,633,1132,1030,187,89,502,1132,102
1042-1050,90,420,680,707,135,44,503,707,27
1843-1855,98,863,792,1164,243,77,503,1164,301
3909-3916,79,549,595,682,130,44,503,682,87
2087-2097,115,614,991,892,166,87,502,991,99
1911-1924,143,866,874,1156,257,52,503,1156,282
2402-2410,126,509,718,610,182,68,502,718,108
1545-1548,32,249,257,331,87,22,503,331,74
6382-6393,51,305,1163,1333,99,43,503,1333,170
3482-3491,72,692,600,1062,132,41,503,1062,370
4551-4554,57,242,330,297,66,23,502,330,33
357-362,46,347,410,416,92,25,503,416,6
3917-3925,82,578,682,841,117,51,503,841,159
1578-1583,9,766,139,328,62,27,501,766,438
7335-7337,35,168,281,254,51,18,502,281,27
6318-6322,36,149,469,573,39,23,503,573,104
4164-4175,128,690,990,1059,166,33,503,1059,69
4567-4576,96,550,792,768,144,57,502,792,24
1415-1421,68,388,499,548,115,38,503,548,49
7067-7071,70,284,394,357,77,49,502,394,37
6567-6587,179,879,2061,1715,300,115,502,2061,346
6433-6441,42,223,881,1017,61,27,503,1017,136
6806-6810,46,305,390,341,99,38,502,390,49
4115-4121,77,374,592,626,112,41,503,626,34
3343-3350,42,738,385,587,101,40,501,738,151
1624-1629,47,327,408,498,96,33,503,498,90
3195-3205,105,487,1101,922,133,71,502,1101,179
2709-2721,137,611,1267,971,182,92,502,1267,296
3733-3747,100,1223,725,1381,226,65,503,1381,158
6786-6795,134,538,836,686,183,61,502,836,150
2618-2621,55,229,339,321,59,39,502,339,18
5315-5321,76,293,636,699,95,32,503,699,63
3975-3984,71,707,589,855,172,44,503,855,148
3101-3109,91,465,748,711,141,55,502,748,37
5576-5586,109,568,1037,965,190,55,502,1037,72
1202-1213,123,809,704,916,203,65,503,916,107
676-686,83,338,1069,1019,115,46,502,1069,50
5011-5015,52,241,425,467,85,22,503,467,42
1285-1292,49,479,580,589,116,45,503,589,9
2131-2138,80,505,603,623,136,63,503,623,20
3085-3100,176,853,1444,1305,251,103,502,1444,139
5189-5199,135,565,964,992,157,54,503,992,28
1107-1113,61,409,525,505,90,34,502,525,20
2855-2868,130,594,1475,1243,178,114,502,1475,232
4481-4491,108,615,951,855,164,64,502,951,96
5108-5113,73,380,466,519,94,26,503,519,53
5690-5707,163,708,1484,1408,235,79,502,1484,76
4408-4412,56,280,415,428,85,36,503,428,13
2447-2453,119,373,653,508,107,72,502,653,145
762-767,15,119,556,731,38,15,503,731,175
4747-4753,80,406,630,528,126,47,502,630,102
4062-4066,58,289,392,469,60,31,503,469,77
5284-5288,51,202,501,495,44,28,502,501,6
956-958,37,128,281,254,38,9,502,281,27
5727-5729,33,106,308,250,54,10,502,308,58
6045-6060,131,517,1648,1578,185,73,502,1648,70
648-650,20,100,294,275,27,15,502,294,19
5051-5057,58,269,718,725,65,25,503,725,7
1554-1566,45,1547,312,704,154,35,501,1547,843
1177-1188,94,612,797,817,199,73,503,817,20
651-662,80,403,1181,1170,121,40,502,1181,11
416-420,28,269,242,255,61,23,501,269,14
363-368,62,328,422,471,90,27,503,471,49
896-898,31,111,281,240,41,16,502,281,41
3616-3627,87,986,616,1122,180,44,503,1122,136
587-601,44,247,1154,1950,74,31,503,1950,796
2334-2343,113,546,848,721,167,90,502,848,127
4675-4681,75,373,604,563,95,54,502,604,41
4555-4560,69,327,452,512,93,44,503,512,60
2980-2989,88,637,737,831,167,66,503,831,94
4995-5005,120,525,991,993,163,60,503,993,2
3110-3113,53,220,361,305,56,39,502,361,56
4589-4591,33,145,248,238,32,19,502,248,10
4417-4429,145,782,1058,1129,219,78,503,1129,71
7279-7289,103,631,803,716,175,69,502,803,87
2275-2281,84,415,556,463,91,58,502,556,93
1243-1246,29,278,248,285,71,24,503,285,7
7242-7247,61,350,537,494,127,33,502,537,43
2415-2419,64,283,400,291,132,39,502,400,109
7079-7084,97,350,445,442,84,66,502,445,3
751-761,43,220,1047,1242,90,25,503,1242,195
5767-5771,42,196,505,437,65,30,502,505,68
7213-7220,116,428,695,661,122,38,502,695,34
5931-5945,122,506,1433,1463,154,58,503,1463,30
4492-4501,102,512,899,782,165,75,502,899,117
7326-7334,98,493,818,780,139,62,502,818,38
6287-6295,65,222,879,971,76,40,503,971,92
6030-6044,49,280,1288,1951,103,48,503,1951,663
461-464,30,272,256,270,50,16,501,272,2
6106-6114,52,255,780,1019,87,56,503,1019,239
5548-5551,47,232,292,342,60,15,503,342,50
5444-5450,61,347,587,666,91,32,503,666,79
5557-5562,62,348,464,571,98,29,503,571,107
2967-2972,65,408,435,459,87,35,503,459,24
5016-5020,57,257,414,480,84,26,503,480,66
1352-1360,92,575,604,702,141,67,503,702,98
7248-7254,73,375,588,574,110,43,502,588,14
194-206,72,496,863,1183,110,39,503,1183,320
4199-4207,122,535,818,768,117,32,502,818,50
5363-5369,85,385,546,669,115,28,503,669,123
5529-5538,112,579,788,893,156,48,503,893,105
6796-6805,120,525,818,688,170,84,502,818,130
4045-4061,159,1046,1313,1586,231,87,503,1586,273
2837-2846,99,506,990,873,124,65,502,990,117
1531-1534,20,297,193,403,72,35,503,403,106
2282-2297,146,989,1276,1172,272,105,502,1276,104
1876-1883,50,630,411,753,111,37,503,753,123
